[
  {
    "model": "events.event",
    "pk": 1,
    "fields": {
      "title": "Charla IA para principiantes",
      "description": "Introducción a IA y casos prácticos.",
      "start_datetime": "2025-10-30T01:52:27",
      "location": "Auditorio Central",
      "image_url": "https://picsum.photos/seed/ia101/800/400",
      "price": "0.00",
      "capacity": 50
    }
  },
  {
    "model": "events.event",
    "pk": 2,
    "fields": {
      "title": "Taller Django Express",
      "description": "Crea una app completa en 90 minutos.",
      "start_datetime": "2025-11-03T01:52:27",
      "location": "Sala 204",
      "image_url": "https://picsum.photos/seed/django/800/400",
      "price": "5000.00",
      "capacity": 30
    }
  }
]